{
  "source": "boyard.obj",
  "picks": {
    "cupCenter": {
      "x": -195.82267099232777,
      "y": 2094.6245790421967,
      "z": 27.83911741774739
    },
    "cupAxisPoint": {
      "x": -164.18964291651042,
      "y": 2092.0433105253674,
      "z": 35.000000000000014
    },
    "plateUpPoint": {
      "x": -190.3345489501953,
      "y": 2124.229011248311,
      "z": 31.19858155408022
    }
  },
  "transform": [
    0.22558003664016724,
    0.06846173107624054,
    -0.9718161225318909,
    0,
    0.06203201785683632,
    0.9944942593574524,
    0.08445834368467331,
    0,
    0.9722477793693542,
    -0.07933583110570908,
    0.22009122371673584,
    0,
    -112.82661437988281,
    -2067.47705078125,
    -373.33929443359375,
    1
  ]
}